Time,Position y (m),Velocity y (m/s),Moving Average (Velocity) w/ 25 points,Acceleration (m/s^2),Moving Acceleration (m/s^2)
0.008333333,0.000861398,0,,,
0.0125,0.001283587,0.101325445,,,
0.016666667,0.002143622,0.206408464,,,
0.020833333,0.00345888,0.315661756,,,
0.025,0.003857038,0.095558059,,,
0.029166667,0.004170071,0.075127934,,,
0.033333333,0.007473752,0.792883231,,,
0.0375,0.008287016,0.195183402,,,
0.041666667,0.008687602,0.09614074,,,
0.045833333,0.010779172,0.501976781,,,
0.05,0.011921343,0.274121019,,,
0.054166667,0.012650116,0.174905488,,,
0.058333333,0.016537719,0.933024664,,,
0.0625,0.017788092,0.300089722,,,
0.066666667,0.019301281,0.363165341,,,
0.070833333,0.019947891,0.155186426,,,
0.075,0.021610227,0.398960628,,,
0.079166667,0.023295023,0.404350949,,,
0.083333333,0.025851416,0.613534291,,,
0.0875,0.026935151,0.260096355,,,
0.091666667,0.029028545,0.50241473,,,
0.095833333,0.030667966,0.393460839,,,
0.1,0.033185013,0.604091477,,,
0.104166667,0.035493288,0.55398579,,,
0.108333333,0.036240042,0.179221001,0.339634981,,
0.1125,0.038372162,0.511708814,0.360103334,4.912404616,
0.116666667,0.041131988,0.662358344,0.38254465,5.385915832,
0.120833333,0.044420126,0.789153095,0.405854435,5.594348461,
0.125,0.047834405,0.819426859,0.426005039,4.836144986,
0.129166667,0.051943483,0.986178865,0.461629871,8.549959737,
0.133333333,0.055117258,0.761705871,0.489092989,6.59114819,
0.1375,0.067875651,3.062014473,0.579858239,21.78365993,
0.141666667,0.071631283,0.901351505,0.608104963,6.779213788,
0.145833333,0.076047158,1.05981015,0.646651739,9.251226339,
0.15,0.080395134,1.04351416,0.668313234,5.198758837,
0.154166667,0.085314819,1.180724326,0.704577367,8.703391748,
0.158333333,0.090784069,1.312620096,0.750085951,10.92206023,
0.1625,0.096372142,1.341137487,0.766410464,3.917883097,
0.166666667,0.101627471,1.261279059,0.804858037,9.227417644,
0.170833333,0.106944075,1.275985001,0.841370824,8.763068743,
0.175,0.112517216,1.337553816,0.888665519,11.35072695,
0.179166667,0.117148236,1.111444779,0.917164885,6.839847842,
0.183333333,0.122791879,1.35447416,0.955169814,9.121182823,
0.1875,0.127873738,1.219646155,0.979414288,5.818673891,
0.191666667,0.133310851,1.304907155,1.02120672,10.03018369,
0.195833333,0.139091533,1.387363802,1.056604683,8.495511094,
0.2,0.145424761,1.519974679,1.101665237,10.81453286,
0.204166667,0.150786617,1.28684552,1.128975399,6.554438811,
0.208333333,0.157023649,1.496887493,1.166691467,9.051856344,
0.2125,0.163056865,1.44797181,1.217441499,12.18000776,8.42694257
0.216666667,0.169196072,1.473409772,1.255909537,9.2323292,8.599739553
0.220833333,0.17569147,1.558895554,1.291771026,8.606757211,8.728573208
0.225,0.182915166,1.733686975,1.329552381,9.067525245,8.867500279
0.229166667,0.190133885,1.732492688,1.366075014,8.765431964,9.024671759
0.233333333,0.19724474,1.706605078,1.394892063,6.916091643,8.959317035
0.2375,0.205820148,2.058097852,1.446747742,12.44536302,9.193485628
0.241666667,0.21339691,1.818423049,1.397004085,-11.93847767,7.844600124
0.245833333,0.220890182,1.798385265,1.432885435,8.611524096,7.917892537
0.25,0.228997565,1.945771922,1.468323906,8.505233013,7.888052804
0.254166667,0.23657858,1.819443467,1.499361078,7.448921348,7.978059304
0.258333333,0.247060826,2.515739091,1.552761669,12.81614175,8.142569304
0.2625,0.255501339,2.025723262,1.581285796,6.845790401,7.979518511
0.266666667,0.263400409,1.895776739,1.603471366,5.324536823,8.03578466
0.270833333,0.272403934,2.160845873,1.639454038,8.63584141,8.01212161
0.275,0.280150333,1.85913586,1.662780073,5.59824824,7.88552879
0.279166667,0.288542522,2.01412533,1.689842933,6.495086536,7.691303174
0.283333333,0.29877535,2.455878686,1.74362029,12.90656551,7.93397188
0.2875,0.307064185,1.989320542,1.769014145,6.094525268,7.812905578
0.291666667,0.316025755,2.150776644,1.806259364,8.938852692,7.93771273
0.295833333,0.324723344,2.087421317,1.837559931,7.512135956,7.836990821
0.3,0.334151436,2.26274224,1.872575068,8.403633002,7.833315697
0.304166667,0.342691753,2.049676003,1.893763121,5.085132716,7.604139692
0.308333333,0.351286167,2.062659472,1.924795679,7.447813937,7.639874697
0.3125,0.361528227,2.458094399,1.963243956,9.2275863,7.646903895
0.316666667,0.371559837,2.407586243,2.001628533,9.212298557,7.528195527
0.320833333,0.381300025,2.337645221,2.036197951,8.296660304,7.490768771
0.325,0.391118658,2.356471949,2.068101007,7.656733395,7.452767818
0.329166667,0.399244537,1.950210827,2.076761961,2.078628984,7.173211968
0.333333333,0.409910269,2.559775746,2.109853283,7.941917358,7.140271384
0.3375,0.420603547,2.566386849,2.144244554,8.253904996,7.193783918
0.341666667,0.431182909,2.539046858,2.163482514,4.617110458,6.880653815
0.345833333,0.44024608,2.175160955,2.17775203,3.424683901,7.495180278
0.35,0.450669728,2.50167549,2.205883639,6.75158616,7.42078276
0.354166667,0.46165195,2.635733182,2.23348209,6.623628094,7.345518564
0.358333333,0.471436203,2.348220932,2.254633188,5.07626366,7.250612256
0.3625,0.481449071,2.403088239,2.250127154,-1.081448182,6.694708659
0.366666667,0.492037045,2.541113634,2.270742769,4.947747571,6.618786946
0.370833333,0.502790719,2.580881901,2.298146976,6.577009548,6.668885855
0.375,0.513533398,2.578242902,2.314842857,4.007011481,6.483732658
0.379166667,0.524147357,2.547350197,2.34237143,6.606857641,6.524077034
0.383333333,0.534345409,2.447532452,2.359707715,4.160708372,6.430701907
0.3875,0.544383369,2.409110375,2.357836983,-0.448975785,5.896480255
0.391666667,0.555323987,2.625748339,2.383294095,6.109706853,5.897087519
0.395833333,0.566069123,2.578832767,2.40041634,4.109338787,5.703906963
0.4,0.57713312,2.655359198,2.423133855,5.452203659,5.621509671
0.404166667,0.58609864,2.151724743,2.418693155,-1.06576797,5.242733632
0.408333333,0.596597631,2.519757947,2.437496433,4.512786661,5.21983979
0.4125,0.607486072,2.613225689,2.459519081,5.28543569,5.13334466
0.416666667,0.618882905,2.735240118,2.47060491,2.660598902,4.870665164
0.420833333,0.63045493,2.777285954,2.485392899,3.549117226,4.644137911
0.425,0.641262173,2.593738181,2.495636617,2.458492421,4.410611195
0.429166667,0.653585345,2.957561436,2.519680197,5.770459078,4.335160223
0.433333333,0.666059369,2.99376557,2.561422386,10.01812553,4.652740084
0.4375,0.67781447,2.821224453,2.571880335,2.50990758,4.435459693
0.441666667,0.689233204,2.740496058,2.578844703,1.671448414,4.17216143
0.445833333,0.70033757,2.665047897,2.583884744,1.20960997,4.03586141
0.45,0.711873735,2.768679514,2.607625487,5.697778166,4.126785181
0.454166667,0.725897943,3.365810033,2.642190869,8.295691611,4.188549399
0.458333333,0.736946835,2.651734084,2.642830905,0.153608659,3.929748622
0.4625,0.748275652,2.71891607,2.65765871,3.558673327,3.869045008
0.466666667,0.759945681,2.800806785,2.673567452,3.818098047,4.065026857
0.470833333,0.771044639,2.663749954,2.678472905,1.177308664,3.914209301
0.475,0.782418766,2.729790435,2.684429246,1.429521935,3.708309797
0.479166667,0.794017486,2.783692784,2.692647241,1.972318862,3.626922092
0.483333333,0.804855477,2.601117914,2.69479795,0.516170079,3.383294589
0.4875,0.816888439,2.887910847,2.712413086,4.227632591,3.385971558
0.491666667,0.829489585,3.02427509,2.737019674,5.905581266,3.64015384
0.495833333,0.841555902,2.895916101,2.747826385,2.59361051,3.499509986
0.5,0.853104399,2.771639281,2.755538645,1.850942528,3.409174136
0.504166667,0.864117407,2.643121935,2.755049155,-0.117477729,3.186386881
0.508333333,0.876674434,3.013686478,2.789527624,8.274832658,3.560010906
0.5125,0.88975665,3.139731871,2.814326581,5.951749671,3.617569426
0.516666667,0.901901444,2.914750564,2.826387576,2.894638794,3.52193755
0.520833333,0.91464265,3.057889283,2.839293543,3.097431977,3.539410873
0.525,0.927300665,3.03792367,2.849719051,2.502122066,3.497531067
0.529166667,0.939667496,2.968039598,2.864691108,3.5932936,3.542923114
0.533333333,0.95278692,3.148661707,2.872335119,1.834562601,3.385487255
0.5375,0.964566069,2.826995666,2.865664323,-1.600991073,2.920722591
0.541666667,0.976378437,2.834968308,2.866214077,0.131941012,2.825603928
0.545833333,0.989468277,3.14156155,2.882256697,3.850228718,2.91275514
0.55,1.001338609,2.84887985,2.889609975,1.764786749,2.934962212
0.554166667,1.013620874,2.947743491,2.896772534,1.719014174,2.775811652
0.558333333,1.027246723,3.270203865,2.892948287,-0.91781921,2.407271219
0.5625,1.039072427,2.838168776,2.900405675,1.789773048,2.472717795
0.566666667,1.050465947,2.734444967,2.901026831,0.149077409,2.336333958
0.570833333,1.063084264,3.02839601,2.9101304,2.184856555,2.271004298
0.575,1.075897757,3.07523843,2.926589939,3.950289374,2.381923527
0.579166667,1.089290296,3.214209309,2.945966694,4.650421183,2.510759497
0.583333333,1.101793478,3.000763621,2.954649527,2.083880041,2.515221944
0.5875,1.114315795,3.005356073,2.970819054,3.880686324,2.649802594
0.591666667,1.127692373,3.210378648,2.983717766,3.09569089,2.604524925
0.595833333,1.140035919,2.96245113,2.981244807,-0.593510014,2.344561274
0.6,1.153463635,3.222651762,2.994314234,3.136662346,2.366283348
0.604166667,1.165113863,2.796054809,2.995290855,0.234389074,2.301621209
0.608333333,1.178540257,3.222334552,3.018459359,5.560441122,2.528737964
0.6125,1.191303657,3.063215969,3.020440539,0.475483115,2.216763982
0.616666667,1.204908839,3.265243823,3.025461017,1.204914738,2.026890584
0.620833333,1.217721746,3.075097459,3.031874893,1.5393302,1.972678241
0.625,1.231332168,3.266501266,3.040219372,2.002675046,1.928887963
0.629166667,1.24264413,2.714871101,3.02729727,-3.101304663,1.704750894
0.633333333,1.255069823,2.98216619,3.027862333,0.135615279,1.566443761
0.6375,1.268749915,3.283222121,3.03324475,1.291779969,1.544732456
0.641666667,1.281203395,2.988835125,3.039718328,1.553658805,1.670918451
0.645833333,1.294780613,3.258532346,3.05666089,4.066214761,1.828289401
0.65,1.306969781,2.925400324,3.048014441,-2.075147771,1.591274342
0.654166667,1.320975765,3.361436103,3.068516691,4.920540028,1.717504473
0.658333333,1.333169181,2.926419997,3.067663751,-0.204705543,1.640555684
0.6625,1.346574671,3.217317446,3.065548294,-0.507709619,1.656960068
0.666666667,1.358459727,2.852413416,3.06611808,0.136748544,1.590839088
0.670833333,1.372079173,3.268667147,3.087486967,5.128532927,1.790017308
0.675,1.384194828,2.907757237,3.082661416,-1.158132219,1.656297757
0.679166667,1.39860598,3.458676335,3.097998932,3.681003883,1.645526338
0.683333333,1.411827856,3.173250455,3.096360578,-0.393204993,1.443781291
0.6875,1.424853367,3.126122471,3.101374932,1.203444959,1.408563887
0.691666667,1.43807034,3.172073579,3.108043632,1.600488062,1.317355957
0.695833333,1.450887385,3.076090778,3.102672118,-1.289163552,1.141961779
0.7,1.464657513,3.304830781,3.116367304,3.28684465,1.297175966
0.704166667,1.477740518,3.139921133,3.113058078,-0.794214041,1.13994091
0.708333333,1.491303592,3.25513768,3.131421393,4.407195558,1.30685317
0.7125,1.503540031,2.936745592,3.119997835,-2.741654015,0.974769364
0.716666667,1.516977182,3.224916159,3.126465843,1.552321823,1.017842913
0.720833333,1.529270405,2.950373555,3.113871032,-3.022754575,0.84873614
0.725,1.542882421,3.266883691,3.121542481,1.841147827,0.860808845
0.729166667,1.55501853,2.912666188,3.107389078,-3.396816753,0.644829173
0.733333333,1.569315885,3.431365245,3.136048844,6.878343784,1.044015111
0.7375,1.581593115,2.946535302,3.134623608,-0.342056518,1.024908239
0.741666667,1.594934699,3.201980058,3.131373926,-0.7799238,0.942040088
0.745833333,1.607350712,2.979843155,3.131014247,-0.086322913,0.87644082
0.75,1.621087468,3.296821306,3.132545805,0.367574016,0.72849519
0.754166667,1.633260066,2.921423581,3.132386736,-0.03817673,0.809974031
0.758333333,1.647033815,3.305699899,3.130157287,-0.53506756,0.591749728
0.7625,1.659128639,2.902757675,3.129210795,-0.227158288,0.590851618
0.766666667,1.67292624,3.31142432,3.132975069,0.903425983,0.647297042
0.770833333,1.685047477,2.909096866,3.135242407,0.544161115,0.663593545
0.775,1.698787534,3.297613636,3.136400267,0.277886296,0.46956768
0.779166667,1.710798994,2.882750473,3.135399996,-0.240064935,0.506290371
0.783333333,1.724423575,3.269899364,3.127848918,-1.812258921,0.286559859
0.7875,1.737043782,3.028849663,3.122072886,-1.386247604,0.246838155
0.791666667,1.751112871,3.376581247,3.132091237,2.404404252,0.294876526
0.795833333,1.763536743,2.981729281,3.124477465,-1.827305265,0.157764793
0.8,1.777296887,3.302434553,3.133531216,2.17290024,0.296247345
0.804166667,1.789502079,2.929246093,3.118507829,-3.605613003,0.020549039
0.808333333,1.803076204,3.2577901,3.123222587,1.131542091,0.097579284
0.8125,1.815860993,3.068349439,3.115751058,-1.793167108,-0.150435222
0.816666667,1.829157293,3.191111934,3.125925711,2.441916886,0.056907614
0.820833333,1.841616963,2.990320741,3.116541895,-2.252116013,-0.0952699
0.825,1.85535973,3.298264173,3.130457519,3.33974993,0.15923028
0.829166667,1.867432382,2.897436314,3.115679624,-3.546694827,-0.056283426
0.833333333,1.881198126,3.30377878,3.131324128,3.754680884,0.22977648
0.8375,1.893346834,2.915689808,3.11069711,-4.950484189,-0.243376639
0.841666667,1.906117109,3.064865914,3.115430335,1.135973876,-0.184255423
0.845833333,1.918673003,3.013414763,3.107887723,-1.810226837,-0.225467545
0.85,1.932179317,3.241515309,3.118354609,2.512052677,-0.121532521
0.854166667,1.94456187,2.971812629,3.105354262,-3.120083298,-0.261038814
0.858333333,1.957340692,3.066917228,3.111174008,1.39673901,-0.203642184
0.8625,1.970695244,3.205092609,3.107149716,-0.965829979,-0.220872681
0.866666667,1.984336262,3.273844266,3.12199318,3.562431278,-0.069289098
0.870833333,1.99729527,3.110161916,3.113942684,-1.932119077,-0.182710901
0.875,2.009660556,2.967668762,3.11628556,0.562290206,-0.181985737
0.879166667,2.024556232,3.574962179,3.127379502,2.662546014,-0.086599349
0.883333333,2.037677761,3.149166813,3.138036155,2.557596866,0.025307124
0.8875,2.050735241,3.133795385,3.132591996,-1.306598194,0.045533553
0.891666667,2.063829651,3.142658377,3.137144345,1.092563648,0.144686003
0.895833333,2.077544771,3.291628743,3.133746244,-0.815544047,0.015888071
0.9,2.089844701,2.951983165,3.1325564,-0.285562711,0.077557773
0.904166667,2.103602136,3.301784369,3.132530392,-0.006241764,-0.009607907
0.908333333,2.116419891,3.076261217,3.138410997,1.411345186,0.19107042
0.9125,2.129174105,3.06101149,3.130539853,-1.889074657,0.07024575
0.916666667,2.141099295,2.862045474,3.122287694,-1.980518065,0.062751712
0.920833333,2.155052113,3.348676317,3.12859027,1.512618077,0.02557976
0.925,2.167317851,2.943777097,3.126728524,-0.446818981,0.097791641
0.929166667,2.180905147,3.260951125,3.125236002,-0.358205262,-0.050126567
0.933333333,2.193321911,2.980023367,3.128539484,0.792835717,0.123454655
0.9375,2.20769827,3.450326224,3.134401382,1.406855457,0.029541638
0.941666667,2.219559952,2.846803538,3.131645931,-0.661308194,0.201108678
0.945833333,2.233839591,3.427113418,3.146135831,3.47757603,0.294772764
0.95,2.246332564,2.998313436,3.145531778,-0.14497274,0.361382928
0.954166667,2.259508606,3.162250218,3.142361174,-0.760944866,0.230463026
0.958333333,2.273137858,3.271020344,3.154329483,2.872394069,0.470162121
0.9625,2.28663111,3.238380531,3.161188015,1.646047708,0.480134469
0.966666667,2.300268319,3.272930127,3.163901516,0.651240172,0.544817275
0.970833333,2.312552201,2.948131819,3.150873018,-3.126839497,0.277246444
0.975,2.326142035,3.261560082,3.156928945,1.453422399,0.412668103
0.979166667,2.339026942,3.092377735,3.161917304,1.197206134,0.43806474
0.983333333,2.352324432,3.191397466,3.146574715,-3.68222124,0.18427405
0.9875,2.365633124,3.194086081,3.148371486,0.431224967,0.099219174
0.991666667,2.37864887,3.123779169,3.147970837,-0.096155673,0.147636875
0.995833333,2.391676738,3.126688252,3.147332032,-0.153313197,0.097801801
1,2.40489447,3.172255669,3.142557109,-1.145981506,0.084584302
1.004166667,2.41859245,3.28751534,3.155978396,3.221108883,0.224851166
1.008333333,2.430637867,2.890899934,3.139543019,-3.94449058,0.067321214
1.0125,2.44398414,3.203105592,3.144616794,1.217705999,0.059575646
1.016666667,2.456244652,2.94252293,3.139877251,-1.137490181,0.089639025
1.020833333,2.468818949,3.017831251,3.146108682,1.495543462,0.228681486
1.025,2.482234194,3.219658708,3.140947978,-1.238569051,0.118634001
1.029166667,2.494984663,3.060112684,3.145601402,1.116821629,0.181179625
1.033333333,2.507828952,3.082629353,3.138468531,-1.711889011,0.127032276
1.0375,2.520118622,2.94952067,3.137248423,-0.292825892,0.083605811
1.041666667,2.534147979,3.36704579,3.133917205,-0.799492163,-0.004648094
1.045833333,2.546632625,2.996314928,3.139897661,1.435309347,0.079216608
1.05,2.559504334,3.089210182,3.126381532,-3.243871065,-0.189641276
1.054166667,2.571784043,2.947130208,3.124334203,-0.491358981,-0.203496725
1.058333333,2.585820367,3.368717846,3.132592908,1.982089228,-0.093775362
1.0625,2.597782676,2.870953965,3.116590252,-3.840637243,-0.362296614
1.066666667,2.61153904,3.301527324,3.119116124,0.606209218,-0.403890154
1.070833333,2.623787706,2.939679957,3.105786117,-3.199201631,-0.557907826
1.075,2.636311261,3.005653305,3.108086977,0.552206268,-0.410745995
1.079166667,2.649154172,3.082298443,3.100916511,-1.720911742,-0.537719361
1.083333333,2.662242596,3.14122179,3.102870273,0.468902929,-0.566851489
1.0875,2.674978521,3.056622168,3.097479262,-1.293842865,-0.471316354
1.091666667,2.687784906,3.073532216,3.092657107,-1.157317099,-0.534858037
1.095833333,2.701024877,3.177593171,3.094809667,0.516614417,-0.510347233
1.1,2.714791063,3.303884639,3.101897522,1.701085314,-0.436171293
1.104166667,2.727090943,2.951971066,3.093086138,-2.114732193,-0.47492132
1.108333333,2.740264646,3.161688692,3.088053072,-1.207935825,-0.652083108
1.1125,2.75268522,2.98093782,3.091654588,0.864363709,-0.459728937
1.116666667,2.76467939,2.87860083,3.078674397,-3.115245714,-0.633047005
1.120833333,2.777894882,3.171718061,3.087842203,2.200273265,-0.499536468
1.125,2.790360137,2.991661143,3.086795398,-0.251233041,-0.569407528
1.129166667,2.804071667,3.290767264,3.089639741,0.682642135,-0.49255908
1.133333333,2.816146516,2.897963744,3.083153783,-1.556629818,-0.599497138
1.1375,2.828845113,3.047663358,3.081755143,-0.335673549,-0.54444852
1.141666667,2.841606587,3.06275367,3.086284463,1.087036794,-0.489254012
1.145833333,2.853836007,2.935060938,3.069005069,-4.147054576,-0.623156509
1.15,2.865157246,2.717097383,3.057836367,-2.680488436,-0.78778842
1.154166667,2.878518068,3.206597146,3.062531846,1.126914859,-0.612956983
1.158333333,2.890448485,2.86330022,3.059178646,-0.80476789,-0.625493339
1.1625,2.903854251,3.217383698,3.05312528,-1.452807829,-0.762889222
1.166666667,2.915613585,2.822240106,3.051176726,-0.467653042,-0.627969854
1.170833333,2.929575869,3.350948331,3.053153566,0.474441667,-0.633240556
1.175,2.941919754,2.962532237,3.054067657,0.219381884,-0.496497215
1.179166667,2.953685141,2.823692956,3.046789244,-1.746819347,-0.58845824
1.183333333,2.967619696,3.344293253,3.057269036,2.515150179,-0.419015763
1.1875,2.979107042,2.756962935,3.041898682,-3.688885004,-0.58532728
1.191666667,2.990875331,2.824389492,3.032609375,-2.229433686,-0.622750913
1.195833333,3.004209186,3.200125031,3.037673087,1.215291025,-0.527846588
1.2,3.016263635,2.893067771,3.026292071,-2.731443839,-0.657768918
1.204166667,3.027944274,2.803353545,3.006270828,-4.805098498,-0.918016271
1.208333333,3.039789845,2.842936831,3.001909458,-1.046728651,-0.875296129
1.2125,3.052572945,3.067944114,2.998159675,-0.899947947,-0.862976614
1.216666667,3.064276528,2.808859988,2.991276562,-1.651947194,-0.96362905
1.220833333,3.075747012,2.752916066,2.986249171,-1.20657373,-0.887282171
1.225,3.089726059,3.354971263,2.993579299,1.759230735,-0.904923872
1.229166667,3.101435671,2.810306839,2.986325127,-1.741001316,-0.964514603
1.233333333,3.113529554,2.902531928,2.970795714,-3.727059226,-1.140902657
1.2375,3.125520399,2.877802964,2.969989283,-0.193543487,-1.086379204
1.241666667,3.138193159,3.041462238,2.969741238,-0.059530755,-1.075333492
1.245833333,3.149690516,2.759365851,2.957605725,-2.91252306,-1.235315887
1.25,3.161921078,2.935334797,2.957616679,0.002629044,-1.069328542
1.254166667,3.174878157,3.109699006,2.973320744,3.768975581,-0.811349981
1.258333333,3.1863278,2.747914241,2.954973428,-4.403355886,-1.032560811
1.2625,3.198693146,2.967683,2.959148739,1.002074694,-0.960287107
1.266666667,3.211007096,2.955347967,2.94866731,-2.51554301,-1.002796515
1.270833333,3.223048914,2.890036411,2.951379162,0.650844524,-0.958056612
1.275,3.234809707,2.822590239,2.930244839,-5.072237689,-1.179923786
1.279166667,3.248631853,3.317315231,2.944436158,3.405916746,-1.052462392
1.283333333,3.260511785,2.851183553,2.945535782,0.263909723,-0.972033229
1.2875,3.2724893,2.874603722,2.926748201,-4.509019496,-1.253000016
1.291666667,3.285103508,3.027409888,2.937566079,2.596290742,-1.001592986
1.295833333,3.297093586,2.877618752,2.939695249,0.511000894,-0.891975603
1.3,3.308927159,2.840057382,2.925292543,-3.456649428,-1.078853221
1.304166667,3.320998402,2.897098305,2.925453765,0.038693122,-0.968047743
1.308333333,3.333211779,2.931210616,2.930568048,1.227427875,-0.726746688
1.3125,3.34508283,2.849052119,2.930812659,0.058706765,-0.682529271
1.316666667,3.356305818,2.693517259,2.915835585,-3.594497812,-0.790311266
1.320833333,3.368439079,2.911982476,2.919960484,0.989975886,-0.684634343
1.325,3.379913824,2.753938865,2.920001396,0.009818863,-0.635978639
1.329166667,3.391425752,2.762862765,2.896317056,-5.684241583,-0.933717532
1.333333333,3.402602351,2.682383765,2.891200134,-1.228061507,-0.913199939
1.3375,3.413613155,2.642593014,2.880802577,-2.495413571,-0.863934113
1.341666667,3.425511816,2.855678426,2.879917595,-0.212395566,-0.864688196
1.345833333,3.437790106,2.946789781,2.876130697,-0.908855587,-0.898661189
1.35,3.449204112,2.739361393,2.875330519,-0.1920428,-0.789841979
1.354166667,3.460726761,2.765435781,2.868534558,-1.63103055,-0.855188363
1.358333333,3.472929337,2.928618074,2.861291321,-1.738376943,-1.075482464
1.3625,3.485989373,3.134408723,2.8767511,3.710347027,-0.750934347
1.366666667,3.497596926,2.785812704,2.869476288,-1.745954841,-0.860855529
1.370833333,3.509382495,2.82853671,2.864403838,-1.217388071,-0.808929331
1.375,3.52322027,3.321065917,2.881645018,4.137883262,-0.669447782
1.379166667,3.534622536,2.736543835,2.878203162,-0.826045477,-0.499600093
1.383333333,3.545978363,2.72539836,2.854526487,-5.682401961,-0.863132841
1.3875,3.557646203,2.800281719,2.852490414,-0.488657607,-0.893235535
1.391666667,3.568664254,2.644332332,2.843279558,-2.21060534,-0.801298968
1.395833333,3.582419759,3.301321009,2.854236003,2.629546761,-0.799968728
1.4,3.593766783,2.723285902,2.848062689,-1.481595361,-0.879672578
1.404166667,3.604400063,2.551987214,2.836539882,-2.76547362,-0.852025546
1.408333333,3.61555946,2.678255267,2.827786161,-2.100893167,-0.937608997
1.4125,3.626789692,2.695255606,2.818347961,-2.265168091,-1.077312836
1.416666667,3.63814681,2.72570841,2.813414212,-1.184099608,-1.127025091
1.420833333,3.650066652,2.860762062,2.820104004,1.605550113,-0.919023174
1.425,3.660810002,2.578404028,2.806760866,-3.202353103,-1.086716333
1.429166667,3.671617362,2.593766416,2.800353968,-1.537655509,-1.148615308
1.433333333,3.683437668,2.836873286,2.803314389,0.710501007,-0.892825604
1.4375,3.694393413,2.62937895,2.801194197,-0.508846227,-0.864056993
1.441666667,3.704743701,2.484068944,2.794853234,-1.521831067,-0.825113693
1.445833333,3.718460537,3.292040714,2.812307725,4.189077968,-0.649054752
1.45,3.729779371,2.716520091,2.803096938,-2.21058902,-0.701124089
1.454166667,3.741253078,2.753689794,2.803670074,0.137552658,-0.687940271
1.458333333,3.75228995,2.648849312,2.799006615,-1.119230108,-0.667468253
1.4625,3.763931881,2.794063254,2.793624422,-1.291726271,-0.649602226
1.466666667,3.77591519,2.875994153,2.78328784,-2.48077987,-0.897247302
1.470833333,3.78630334,2.493156065,2.771581574,-2.809503739,-0.939789258
1.475,3.797592303,2.70935124,2.766814155,-1.144180513,-0.936860956
1.479166667,3.809033625,2.745917173,2.743808205,-5.521427942,-1.323233404
1.483333333,3.8212305,2.927249928,2.751436449,1.830778491,-1.216960445
1.4875,3.833618898,2.973215733,2.761349144,2.379046782,-0.894502495
1.491666667,3.845052121,2.743973394,2.759096811,-0.540559916,-0.896578588
1.495833333,3.856156862,2.665137771,2.759929029,0.199732205,-0.800165086
1.5,3.868265593,2.906095485,2.744120008,-3.794165026,-1.057113557
1.504166667,3.880681878,2.979908376,2.754384907,2.463575749,-0.899306713
1.508333333,3.89270166,2.884747646,2.767695324,3.194500151,-0.660907762
1.5125,3.904324119,2.789390354,2.772140727,1.066896844,-0.534196162
1.516666667,3.915664541,2.721701133,2.773198549,0.253877055,-0.433434356
1.520833333,3.926630646,2.631865208,2.76944482,-0.900894742,-0.422106161
1.525,3.938207355,2.778410124,2.766150743,-0.790578601,-0.51795131
1.529166667,3.949346843,2.673477176,2.769953669,0.91270222,-0.353349097
1.533333333,3.959634615,2.469065423,2.764965629,-1.197129525,-0.339728057
1.5375,3.970641557,2.641665902,2.757157334,-1.873990887,-0.443107733
1.541666667,3.982054307,2.73905995,2.761544574,1.052937602,-0.38063638
1.545833333,3.993918879,2.847497507,2.776081716,3.488914197,-0.180206569
1.55,4.005990603,2.897213626,2.760288633,-3.790340048,-0.49938329
1.554166667,4.01774724,2.821592951,2.764491547,1.008699452,-0.370611751
1.558333333,4.029255031,2.761869826,2.764818748,0.078528306,-0.372972725
1.5625,4.040583555,2.71884573,2.767618605,0.671965619,-0.301324896
1.566666667,4.052021286,2.745055503,2.765658295,-0.47047441,-0.268474822
1.570833333,4.063283526,2.702937532,2.75873603,-1.661343563,-0.23569737
1.575,4.075837336,3.012914347,2.779526362,4.989679505,0.07626996
1.579166667,4.086427885,2.541731835,2.772821585,-1.609146289,0.057671329
1.583333333,4.099337176,3.098229782,2.78691409,3.382201041,0.413816488
1.5875,4.110721228,2.73217241,2.779110989,-1.872744171,0.265675582
1.591666667,4.122177365,2.749472986,2.770161279,-2.147930379,0.084596496
1.595833333,4.133655861,2.754839078,2.770595906,0.10431057,0.110391315
1.6,4.144835936,2.683218011,2.771319116,0.173570305,0.109344839
1.604166667,4.156027611,2.686001882,2.762515372,-2.112898591,0.176595496
1.608333333,4.16725496,2.694563821,2.75110159,-2.739307728,-0.031519843
1.6125,4.177590583,2.480549561,2.734933666,-3.880301614,-0.314511913
1.616666667,4.188895887,2.713272851,2.731888966,-0.730728034,-0.386416908
1.620833333,4.200038791,2.674297004,2.729992801,-0.455079636,-0.414775176
1.625,4.211826383,2.829022133,2.737879078,1.892706488,-0.303031127
1.629166667,4.223088279,2.702855066,2.734856876,-0.725328561,-0.300421125
1.633333333,4.233567286,2.514961636,2.728516254,-1.521749176,-0.397799181
1.6375,4.244394076,2.598429556,2.733690819,1.24189567,-0.300238173
1.641666667,4.256368949,2.873969576,2.742982966,2.230115268,-0.136073927
,,,,,
,,,,,
,,,,,
,,,,,
,,,,,
,,,,,
,,,,,
,,,,,
,,,,,
,,,,,
,,,,,
,,,,,
,,,,,
,,,,,
,,,,,
,,,,,
,,,,,
,,,,,
,,,,,
,,,,,
,,,,,
,,,,,
,,,,,
,,,,,
,,,,,
,,,,,
,,,,,
,,,,,
,,,,,
,,,,,
,,,,,
,,,,,
,,,,,
,,,,,
,,,,,
,,,,,
,,,,,
,,,,,
,,,,,
,,,,,
,,,,,
,,,,,
,,,,,
,,,,,
,,,,,
,,,,,
,,,,,
,,,,,
,,,,,
,,,,,
,,,,,
,,,,,
,,,,,
,,,,,
,,,,,
,,,,,
,,,,,
,,,,,
,,,,,
,,,,,
,,,,,
,,,,,
,,,,,
,,,,,
,,,,,
,,,,,
,,,,,
,,,,,
,,,,,
,,,,,
,,,,,
,,,,,
,,,,,
,,,,,
,,,,,
,,,,,
,,,,,
,,,,,
,,,,,
,,,,,
,,,,,
,,,,,
,,,,,
,,,,,
,,,,,
,,,,,
,,,,,
,,,,,
,,,,,
,,,,,
,,,,,
,,,,,
,,,,,
,,,,,
,,,,,
,,,,,
,,,,,
,,,,,
,,,,,
,,,,,
,,,,,
,,,,,
,,,,,
,,,,,
,,,,,
,,,,,
,,,,,
,,,,,
,,,,,
,,,,,
,,,,,
,,,,,
,,,,,
,,,,,
,,,,,
,,,,,
,,,,,
,,,,,
,,,,,
,,,,,
,,,,,
,,,,,
,,,,,
,,,,,
,,,,,
,,,,,
,,,,,
,,,,,
,,,,,
,,,,,
,,,,,
,,,,,
,,,,,
,,,,,
,,,,,
,,,,,
,,,,,
,,,,,
,,,,,
,,,,,
,,,,,
,,,,,
,,,,,
,,,,,
,,,,,
,,,,,
,,,,,
,,,,,
,,,,,
,,,,,
,,,,,
,,,,,
,,,,,
,,,,,
,,,,,
,,,,,
,,,,,
,,,,,
,,,,,
,,,,,
,,,,,
,,,,,
,,,,,
,,,,,
,,,,,
,,,,,
,,,,,
,,,,,
,,,,,
,,,,,
,,,,,
,,,,,
,,,,,
,,,,,
,,,,,
,,,,,
,,,,,
,,,,,
,,,,,
,,,,,
,,,,,
,,,,,
,,,,,
,,,,,
,,,,,
,,,,,
,,,,,
,,,,,
,,,,,
,,,,,
,,,,,
,,,,,
,,,,,
,,,,,
,,,,,
,,,,,
,,,,,
,,,,,
,,,,,
,,,,,
,,,,,
,,,,,
,,,,,
,,,,,
,,,,,
,,,,,
,,,,,
,,,,,
,,,,,
,,,,,
,,,,,
,,,,,
,,,,,
,,,,,
,,,,,
,,,,,
,,,,,
,,,,,
,,,,,
,,,,,
,,,,,
,,,,,
,,,,,
,,,,,
,,,,,
,,,,,